State,2015 - CR,2016 - CR,2017 - CR,2018 - CR,2019 - CR,2020 - CR,YEAR,No. Of Cases In Which Offenders Were Known To The Victims,No. Of Cases In Which Offenders Were Parents / Close Family Members,No. Of Cases In Which Offenders Were Relatives,No. Of Cases In Which Offenders Were Neighbours,No. Of Cases In Which Offenders Were Other Known Persons
Andhra Pradesh,1027,994,988,971,1086,1095,2001,871.0,4.0,81.0,247.0,539.0
Andhra Pradesh,1027,994,988,971,1086,1095,2002,999.0,5.0,94.0,302.0,598.0
Andhra Pradesh,1027,994,988,971,1086,1095,2003,946.0,15.0,82.0,299.0,550.0
Andhra Pradesh,1027,994,988,971,1086,1095,2004,924.0,5.0,69.0,313.0,537.0
Andhra Pradesh,1027,994,988,971,1086,1095,2005,935.0,18.0,98.0,399.0,420.0
Andhra Pradesh,1027,994,988,971,1086,1095,2006,1049.0,1.0,192.0,404.0,452.0
Andhra Pradesh,1027,994,988,971,1086,1095,2007,1070.0,7.0,102.0,469.0,492.0
Andhra Pradesh,1027,994,988,971,1086,1095,2008,1257.0,13.0,116.0,513.0,615.0
Andhra Pradesh,1027,994,988,971,1086,1095,2009,1188.0,2.0,36.0,335.0,815.0
Andhra Pradesh,1027,994,988,971,1086,1095,2010,1362.0,0.0,20.0,507.0,835.0
Andhra Pradesh,1027,994,988,971,1086,1095,2011,1442.0,0.0,29.0,362.0,1051.0
Andhra Pradesh,1027,994,988,971,1086,1095,2012,1341.0,0.0,9.0,521.0,811.0
Andhra Pradesh,1027,994,988,971,1086,1095,2013,1635.0,5.0,156.0,626.0,848.0
Andhra Pradesh,1027,994,988,971,1086,1095,1999,895.0,11.0,110.0,235.0,539.0
Arunachal Pradesh,71,92,59,67,63,60,2001,33.0,0.0,1.0,1.0,31.0
Arunachal Pradesh,71,92,59,67,63,60,2002,38.0,0.0,0.0,4.0,34.0
Arunachal Pradesh,71,92,59,67,63,60,2003,31.0,0.0,1.0,9.0,21.0
Arunachal Pradesh,71,92,59,67,63,60,2004,42.0,0.0,3.0,7.0,32.0
Arunachal Pradesh,71,92,59,67,63,60,2005,35.0,0.0,0.0,0.0,35.0
Arunachal Pradesh,71,92,59,67,63,60,2006,37.0,0.0,0.0,6.0,31.0
Arunachal Pradesh,71,92,59,67,63,60,2007,48.0,0.0,0.0,9.0,39.0
Arunachal Pradesh,71,92,59,67,63,60,2008,42.0,0.0,0.0,2.0,40.0
Arunachal Pradesh,71,92,59,67,63,60,2009,59.0,0.0,1.0,6.0,52.0
Arunachal Pradesh,71,92,59,67,63,60,2010,47.0,0.0,0.0,2.0,45.0
Arunachal Pradesh,71,92,59,67,63,60,2011,42.0,0.0,0.0,5.0,37.0
Arunachal Pradesh,71,92,59,67,63,60,2012,46.0,0.0,1.0,2.0,43.0
Arunachal Pradesh,71,92,59,67,63,60,2013,75.0,0.0,6.0,14.0,55.0
Arunachal Pradesh,71,92,59,67,63,60,1999,39.0,0.0,0.0,5.0,34.0
Assam,1733,1779,1772,1648,1773,1657,2001,817.0,8.0,26.0,146.0,637.0
Assam,1733,1779,1772,1648,1773,1657,2002,970.0,10.0,25.0,286.0,649.0
Assam,1733,1779,1772,1648,1773,1657,2003,1095.0,19.0,75.0,458.0,543.0
Assam,1733,1779,1772,1648,1773,1657,2004,1171.0,15.0,65.0,510.0,581.0
Assam,1733,1779,1772,1648,1773,1657,2005,1182.0,7.0,40.0,444.0,691.0
Assam,1733,1779,1772,1648,1773,1657,2006,1214.0,12.0,108.0,555.0,539.0
Assam,1733,1779,1772,1648,1773,1657,2007,1404.0,1.0,112.0,336.0,955.0
Assam,1733,1779,1772,1648,1773,1657,2008,1438.0,7.0,34.0,204.0,1193.0
Assam,1733,1779,1772,1648,1773,1657,2009,1620.0,9.0,220.0,689.0,702.0
Assam,1733,1779,1772,1648,1773,1657,2010,1721.0,13.0,66.0,438.0,1204.0
Assam,1733,1779,1772,1648,1773,1657,2011,1700.0,0.0,72.0,418.0,1210.0
Assam,1733,1779,1772,1648,1773,1657,2012,1716.0,0.0,29.0,268.0,1419.0
Assam,1733,1779,1772,1648,1773,1657,2013,1937.0,8.0,99.0,990.0,840.0
Assam,1733,1779,1772,1648,1773,1657,1999,703.0,12.0,26.0,209.0,456.0
Bihar,1041,1008,605,651,730,806,2001,888.0,8.0,2.0,382.0,496.0
Bihar,1041,1008,605,651,730,806,2002,1040.0,3.0,4.0,340.0,693.0
Bihar,1041,1008,605,651,730,806,2003,963.0,1.0,17.0,352.0,593.0
Bihar,1041,1008,605,651,730,806,2004,1383.0,6.0,5.0,678.0,694.0
Bihar,1041,1008,605,651,730,806,2005,1147.0,10.0,0.0,508.0,629.0
Bihar,1041,1008,605,651,730,806,2006,1232.0,7.0,0.0,634.0,591.0
Bihar,1041,1008,605,651,730,806,2007,1555.0,2.0,15.0,615.0,923.0
Bihar,1041,1008,605,651,730,806,2008,1302.0,3.0,14.0,593.0,692.0
Bihar,1041,1008,605,651,730,806,2009,929.0,1.0,0.0,519.0,409.0
Bihar,1041,1008,605,651,730,806,2010,795.0,2.0,0.0,479.0,314.0
Bihar,1041,1008,605,651,730,806,2011,934.0,2.0,18.0,408.0,506.0
Bihar,1041,1008,605,651,730,806,2012,908.0,5.0,40.0,479.0,384.0
Bihar,1041,1008,605,651,730,806,2013,1022.0,6.0,26.0,578.0,412.0
Bihar,1041,1008,605,651,730,806,1999,1439.0,20.0,13.0,488.0,918.0
Chhattisgarh,1560,1626,1908,2091,1036,1210,2001,959.0,6.0,13.0,217.0,723.0
Chhattisgarh,1560,1626,1908,2091,1036,1210,2002,992.0,63.0,123.0,283.0,523.0
Chhattisgarh,1560,1626,1908,2091,1036,1210,2003,898.0,39.0,47.0,151.0,661.0
Chhattisgarh,1560,1626,1908,2091,1036,1210,2004,969.0,78.0,66.0,232.0,593.0
Chhattisgarh,1560,1626,1908,2091,1036,1210,2005,981.0,110.0,137.0,254.0,480.0
Chhattisgarh,1560,1626,1908,2091,1036,1210,2006,995.0,97.0,108.0,342.0,448.0
Chhattisgarh,1560,1626,1908,2091,1036,1210,2007,982.0,63.0,82.0,370.0,467.0
Chhattisgarh,1560,1626,1908,2091,1036,1210,2008,971.0,31.0,72.0,333.0,535.0
Chhattisgarh,1560,1626,1908,2091,1036,1210,2009,976.0,24.0,127.0,323.0,502.0
Chhattisgarh,1560,1626,1908,2091,1036,1210,2010,1012.0,21.0,81.0,379.0,531.0
Chhattisgarh,1560,1626,1908,2091,1036,1210,2011,1053.0,39.0,135.0,392.0,487.0
Chhattisgarh,1560,1626,1908,2091,1036,1210,2012,1034.0,30.0,51.0,301.0,652.0
Chhattisgarh,1560,1626,1908,2091,1036,1210,2013,1380.0,15.0,70.0,323.0,972.0
Goa,86,61,76,61,72,60,2001,12.0,0.0,1.0,5.0,6.0
Goa,86,61,76,61,72,60,2002,11.0,0.0,1.0,4.0,6.0
Goa,86,61,76,61,72,60,2003,29.0,0.0,0.0,9.0,20.0
Goa,86,61,76,61,72,60,2004,36.0,1.0,0.0,14.0,21.0
Goa,86,61,76,61,72,60,2005,17.0,1.0,1.0,6.0,9.0
Goa,86,61,76,61,72,60,2006,19.0,1.0,0.0,6.0,12.0
Goa,86,61,76,61,72,60,2007,20.0,1.0,3.0,6.0,10.0
Goa,86,61,76,61,72,60,2008,27.0,0.0,1.0,8.0,18.0
Goa,86,61,76,61,72,60,2009,43.0,1.0,3.0,16.0,23.0
Goa,86,61,76,61,72,60,2010,34.0,2.0,1.0,13.0,18.0
Goa,86,61,76,61,72,60,2011,28.0,1.0,1.0,7.0,19.0
Goa,86,61,76,61,72,60,2012,55.0,3.0,3.0,16.0,33.0
Goa,86,61,76,61,72,60,2013,86.0,6.0,7.0,9.0,64.0
Goa,86,61,76,61,72,60,1999,18.0,1.0,1.0,6.0,10.0
Gujarat,503,982,477,553,528,486,2001,285.0,2.0,16.0,39.0,228.0
Gujarat,503,982,477,553,528,486,2002,253.0,10.0,11.0,39.0,193.0
Gujarat,503,982,477,553,528,486,2003,202.0,7.0,4.0,43.0,148.0
Gujarat,503,982,477,553,528,486,2004,321.0,14.0,15.0,70.0,222.0
Gujarat,503,982,477,553,528,486,2005,314.0,19.0,9.0,59.0,227.0
Gujarat,503,982,477,553,528,486,2006,354.0,16.0,19.0,57.0,262.0
Gujarat,503,982,477,553,528,486,2007,307.0,3.0,18.0,74.0,212.0
Gujarat,503,982,477,553,528,486,2008,370.0,4.0,36.0,81.0,249.0
Gujarat,503,982,477,553,528,486,2009,419.0,18.0,14.0,111.0,276.0
Gujarat,503,982,477,553,528,486,2010,404.0,4.0,22.0,61.0,317.0
Gujarat,503,982,477,553,528,486,2011,438.0,2.0,29.0,74.0,333.0
Gujarat,503,982,477,553,528,486,2012,461.0,8.0,29.0,58.0,366.0
Gujarat,503,982,477,553,528,486,2013,711.0,17.0,44.0,152.0,498.0
Gujarat,503,982,477,553,528,486,1999,331.0,70.0,25.0,39.0,197.0
Haryana,1070,1187,1099,1296,1480,1373,2001,398.0,0.0,55.0,107.0,236.0
Haryana,1070,1187,1099,1296,1480,1373,2002,292.0,52.0,8.0,90.0,142.0
Haryana,1070,1187,1099,1296,1480,1373,2003,304.0,14.0,15.0,127.0,148.0
Haryana,1070,1187,1099,1296,1480,1373,2004,386.0,20.0,35.0,133.0,198.0
Haryana,1070,1187,1099,1296,1480,1373,2005,457.0,15.0,7.0,204.0,231.0
Haryana,1070,1187,1099,1296,1480,1373,2006,608.0,10.0,25.0,285.0,288.0
Haryana,1070,1187,1099,1296,1480,1373,2007,447.0,3.0,14.0,224.0,206.0
Haryana,1070,1187,1099,1296,1480,1373,2008,603.0,8.0,30.0,234.0,331.0
Haryana,1070,1187,1099,1296,1480,1373,2009,603.0,12.0,23.0,267.0,301.0
Haryana,1070,1187,1099,1296,1480,1373,2010,720.0,15.0,30.0,312.0,363.0
Haryana,1070,1187,1099,1296,1480,1373,2011,733.0,8.0,43.0,393.0,289.0
Haryana,1070,1187,1099,1296,1480,1373,2012,668.0,10.0,58.0,253.0,347.0
Haryana,1070,1187,1099,1296,1480,1373,2013,971.0,8.0,103.0,339.0,521.0
Haryana,1070,1187,1099,1296,1480,1373,1999,372.0,41.0,11.0,108.0,212.0
Himachal Pradesh,244,252,249,344,359,331,2001,124.0,0.0,7.0,32.0,85.0
Himachal Pradesh,244,252,249,344,359,331,2002,136.0,1.0,10.0,42.0,83.0
Himachal Pradesh,244,252,249,344,359,331,2003,118.0,2.0,8.0,23.0,85.0
Himachal Pradesh,244,252,249,344,359,331,2004,142.0,8.0,9.0,41.0,84.0
Himachal Pradesh,244,252,249,344,359,331,2005,139.0,5.0,8.0,43.0,83.0
Himachal Pradesh,244,252,249,344,359,331,2006,111.0,7.0,5.0,33.0,66.0
Himachal Pradesh,244,252,249,344,359,331,2007,159.0,2.0,4.0,31.0,122.0
Himachal Pradesh,244,252,249,344,359,331,2008,157.0,1.0,2.0,20.0,134.0
Himachal Pradesh,244,252,249,344,359,331,2009,180.0,10.0,12.0,36.0,122.0
Himachal Pradesh,244,252,249,344,359,331,2010,133.0,7.0,6.0,32.0,88.0
Himachal Pradesh,244,252,249,344,359,331,2011,168.0,8.0,7.0,25.0,128.0
Himachal Pradesh,244,252,249,344,359,331,2012,175.0,8.0,5.0,51.0,111.0
Himachal Pradesh,244,252,249,344,359,331,2013,250.0,9.0,3.0,21.0,217.0
Himachal Pradesh,244,252,249,344,359,331,1999,109.0,1.0,4.0,25.0,79.0
Jharkhand,1053,1109,914,1090,1416,1321,2001,456.0,12.0,49.0,222.0,173.0
Jharkhand,1053,1109,914,1090,1416,1321,2002,488.0,18.0,74.0,163.0,233.0
Jharkhand,1053,1109,914,1090,1416,1321,2003,444.0,14.0,78.0,291.0,61.0
Jharkhand,1053,1109,914,1090,1416,1321,2004,488.0,18.0,74.0,163.0,233.0
Jharkhand,1053,1109,914,1090,1416,1321,2005,525.0,120.0,23.0,153.0,229.0
Jharkhand,1053,1109,914,1090,1416,1321,2006,678.0,94.0,50.0,173.0,361.0
Jharkhand,1053,1109,914,1090,1416,1321,2007,747.0,0.0,50.0,225.0,472.0
Jharkhand,1053,1109,914,1090,1416,1321,2008,742.0,12.0,17.0,186.0,527.0
Jharkhand,1053,1109,914,1090,1416,1321,2009,719.0,22.0,46.0,266.0,385.0
Jharkhand,1053,1109,914,1090,1416,1321,2010,771.0,11.0,84.0,266.0,410.0
Jharkhand,1053,1109,914,1090,1416,1321,2011,784.0,8.0,117.0,306.0,353.0
Jharkhand,1053,1109,914,1090,1416,1321,2012,812.0,0.0,85.0,357.0,370.0
Jharkhand,1053,1109,914,1090,1416,1321,2013,1156.0,0.0,125.0,408.0,623.0
Karnataka,589,1655,546,492,505,504,2001,183.0,5.0,24.0,54.0,100.0
Karnataka,589,1655,546,492,505,504,2002,196.0,4.0,10.0,61.0,121.0
Karnataka,589,1655,546,492,505,504,2003,256.0,1.0,25.0,95.0,135.0
Karnataka,589,1655,546,492,505,504,2004,217.0,7.0,22.0,92.0,96.0
Karnataka,589,1655,546,492,505,504,2005,298.0,5.0,29.0,100.0,164.0
Karnataka,589,1655,546,492,505,504,2006,315.0,2.0,35.0,95.0,183.0
Karnataka,589,1655,546,492,505,504,2007,404.0,2.0,28.0,115.0,259.0
Karnataka,589,1655,546,492,505,504,2008,347.0,0.0,20.0,117.0,210.0
Karnataka,589,1655,546,492,505,504,2009,325.0,18.0,26.0,93.0,188.0
Karnataka,589,1655,546,492,505,504,2010,466.0,2.0,31.0,169.0,264.0
Karnataka,589,1655,546,492,505,504,2011,352.0,1.0,42.0,81.0,228.0
Karnataka,589,1655,546,492,505,504,2012,526.0,2.0,42.0,142.0,340.0
Karnataka,589,1655,546,492,505,504,2013,953.0,11.0,79.0,214.0,649.0
Karnataka,589,1655,546,492,505,504,1999,301.0,0.0,0.0,0.0,301.0
Kerala,1256,1656,2003,1945,2023,637,2001,547.0,4.0,34.0,227.0,282.0
Kerala,1256,1656,2003,1945,2023,637,2002,489.0,4.0,34.0,231.0,220.0
Kerala,1256,1656,2003,1945,2023,637,2003,386.0,7.0,33.0,153.0,193.0
Kerala,1256,1656,2003,1945,2023,637,2004,480.0,3.0,47.0,186.0,244.0
Kerala,1256,1656,2003,1945,2023,637,2005,475.0,12.0,44.0,217.0,202.0
Kerala,1256,1656,2003,1945,2023,637,2006,595.0,28.0,38.0,267.0,262.0
Kerala,1256,1656,2003,1945,2023,637,2007,509.0,21.0,46.0,149.0,293.0
Kerala,1256,1656,2003,1945,2023,637,2008,567.0,17.0,27.0,171.0,352.0
Kerala,1256,1656,2003,1945,2023,637,2009,568.0,18.0,38.0,147.0,365.0
Kerala,1256,1656,2003,1945,2023,637,2010,632.0,14.0,65.0,204.0,349.0
Kerala,1256,1656,2003,1945,2023,637,2011,1119.0,38.0,56.0,244.0,781.0
Kerala,1256,1656,2003,1945,2023,637,2012,1019.0,47.0,50.0,203.0,719.0
Kerala,1256,1656,2003,1945,2023,637,2013,1193.0,79.0,67.0,233.0,814.0
Kerala,1256,1656,2003,1945,2023,637,1999,423.0,2.0,49.0,234.0,138.0
Madhya Pradesh,4391,4882,5562,5433,2485,2339,2001,1881.0,301.0,188.0,762.0,630.0
Madhya Pradesh,4391,4882,5562,5433,2485,2339,2002,2891.0,72.0,174.0,968.0,1677.0
Madhya Pradesh,4391,4882,5562,5433,2485,2339,2003,2738.0,123.0,239.0,1007.0,1369.0
Madhya Pradesh,4391,4882,5562,5433,2485,2339,2004,2800.0,63.0,253.0,938.0,1546.0
Madhya Pradesh,4391,4882,5562,5433,2485,2339,2005,2820.0,141.0,230.0,999.0,1450.0
Madhya Pradesh,4391,4882,5562,5433,2485,2339,2006,29.0,29.0,0.0,0.0,0.0
Madhya Pradesh,4391,4882,5562,5433,2485,2339,2007,3010.0,49.0,180.0,1397.0,1384.0
Madhya Pradesh,4391,4882,5562,5433,2485,2339,2008,2937.0,52.0,173.0,1279.0,1433.0
Madhya Pradesh,4391,4882,5562,5433,2485,2339,2009,2998.0,14.0,202.0,1254.0,1528.0
Madhya Pradesh,4391,4882,5562,5433,2485,2339,2010,3135.0,21.0,232.0,1223.0,1659.0
Madhya Pradesh,4391,4882,5562,5433,2485,2339,2011,3406.0,10.0,301.0,1849.0,1246.0
Madhya Pradesh,4391,4882,5562,5433,2485,2339,2012,3425.0,36.0,255.0,1779.0,1355.0
Madhya Pradesh,4391,4882,5562,5433,2485,2339,2013,4335.0,22.0,280.0,2423.0,1610.0
Madhya Pradesh,4391,4882,5562,5433,2485,2339,1999,3197.0,76.0,118.0,847.0,2156.0
Maharashtra,4144,4189,1933,2142,2299,2061,2001,1279.0,20.0,70.0,394.0,795.0
Maharashtra,4144,4189,1933,2142,2299,2061,2002,1316.0,21.0,56.0,378.0,861.0
Maharashtra,4144,4189,1933,2142,2299,2061,2003,1249.0,18.0,60.0,410.0,761.0
Maharashtra,4144,4189,1933,2142,2299,2061,2004,1352.0,31.0,54.0,372.0,895.0
Maharashtra,4144,4189,1933,2142,2299,2061,2005,1487.0,38.0,89.0,524.0,836.0
Maharashtra,4144,4189,1933,2142,2299,2061,2006,1476.0,36.0,98.0,574.0,768.0
Maharashtra,4144,4189,1933,2142,2299,2061,2007,1426.0,40.0,111.0,521.0,754.0
Maharashtra,4144,4189,1933,2142,2299,2061,2008,1485.0,35.0,73.0,545.0,832.0
Maharashtra,4144,4189,1933,2142,2299,2061,2009,1454.0,76.0,93.0,533.0,752.0
Maharashtra,4144,4189,1933,2142,2299,2061,2010,1573.0,44.0,84.0,583.0,862.0
Maharashtra,4144,4189,1933,2142,2299,2061,2011,1699.0,43.0,97.0,566.0,993.0
Maharashtra,4144,4189,1933,2142,2299,2061,2012,1832.0,77.0,153.0,501.0,1101.0
Maharashtra,4144,4189,1933,2142,2299,2061,2013,3057.0,108.0,173.0,609.0,2167.0
Maharashtra,4144,4189,1933,2142,2299,2061,1999,1320.0,25.0,128.0,242.0,925.0
Manipur,46,55,40,52,36,32,2001,20.0,2.0,1.0,2.0,15.0
Manipur,46,55,40,52,36,32,2002,14.0,3.0,1.0,3.0,7.0
Manipur,46,55,40,52,36,32,2003,18.0,0.0,0.0,3.0,15.0
Manipur,46,55,40,52,36,32,2004,30.0,0.0,0.0,2.0,28.0
Manipur,46,55,40,52,36,32,2005,25.0,1.0,0.0,1.0,23.0
Manipur,46,55,40,52,36,32,2006,20.0,0.0,0.0,3.0,17.0
Manipur,46,55,40,52,36,32,2007,20.0,1.0,0.0,7.0,12.0
Manipur,46,55,40,52,36,32,2008,38.0,0.0,0.0,18.0,20.0
Manipur,46,55,40,52,36,32,2009,31.0,0.0,0.0,13.0,18.0
Manipur,46,55,40,52,36,32,2010,34.0,0.0,0.0,13.0,21.0
Manipur,46,55,40,52,36,32,2011,53.0,0.0,0.0,16.0,37.0
Manipur,46,55,40,52,36,32,2012,63.0,5.0,0.0,18.0,40.0
Manipur,46,55,40,52,36,32,2013,72.0,0.0,2.0,34.0,36.0
Manipur,46,55,40,52,36,32,1999,3.0,0.0,0.0,0.0,3.0
Meghalaya,93,190,119,87,102,67,2001,15.0,5.0,0.0,5.0,5.0
Meghalaya,93,190,119,87,102,67,2002,31.0,1.0,0.0,4.0,26.0
Meghalaya,93,190,119,87,102,67,2003,34.0,5.0,0.0,9.0,20.0
Meghalaya,93,190,119,87,102,67,2004,54.0,4.0,12.0,15.0,23.0
Meghalaya,93,190,119,87,102,67,2005,51.0,4.0,1.0,18.0,28.0
Meghalaya,93,190,119,87,102,67,2006,74.0,0.0,6.0,41.0,27.0
Meghalaya,93,190,119,87,102,67,2007,81.0,9.0,2.0,32.0,38.0
Meghalaya,93,190,119,87,102,67,2008,86.0,5.0,14.0,24.0,43.0
Meghalaya,93,190,119,87,102,67,2009,108.0,5.0,7.0,20.0,76.0
Meghalaya,93,190,119,87,102,67,2010,146.0,8.0,6.0,36.0,96.0
Meghalaya,93,190,119,87,102,67,2011,117.0,6.0,14.0,24.0,73.0
Meghalaya,93,190,119,87,102,67,2012,144.0,23.0,6.0,28.0,87.0
Meghalaya,93,190,119,87,102,67,2013,181.0,22.0,9.0,35.0,115.0
Meghalaya,93,190,119,87,102,67,1999,27.0,1.0,0.0,4.0,22.0
Mizoram,58,23,25,50,42,33,2001,23.0,0.0,1.0,12.0,10.0
Mizoram,58,23,25,50,42,33,2002,37.0,0.0,1.0,16.0,20.0
Mizoram,58,23,25,50,42,33,2003,45.0,2.0,2.0,11.0,30.0
Mizoram,58,23,25,50,42,33,2004,12.0,0.0,0.0,12.0,0.0
Mizoram,58,23,25,50,42,33,2005,0.0,0.0,0.0,0.0,0.0
Mizoram,58,23,25,50,42,33,2006,40.0,0.0,4.0,6.0,30.0
Mizoram,58,23,25,50,42,33,2007,68.0,2.0,4.0,17.0,45.0
Mizoram,58,23,25,50,42,33,2008,14.0,3.0,0.0,9.0,2.0
Mizoram,58,23,25,50,42,33,2009,75.0,3.0,6.0,32.0,34.0
Mizoram,58,23,25,50,42,33,2010,50.0,3.0,2.0,0.0,45.0
Mizoram,58,23,25,50,42,33,2011,77.0,3.0,16.0,32.0,26.0
Mizoram,58,23,25,50,42,33,2012,102.0,4.0,20.0,34.0,44.0
Mizoram,58,23,25,50,42,33,2013,86.0,7.0,7.0,16.0,56.0
Mizoram,58,23,25,50,42,33,1999,54.0,0.0,0.0,5.0,49.0
Nagaland,35,26,10,10,8,4,2001,9.0,1.0,0.0,1.0,7.0
Nagaland,35,26,10,10,8,4,2002,4.0,0.0,0.0,0.0,4.0
Nagaland,35,26,10,10,8,4,2003,3.0,0.0,0.0,1.0,2.0
Nagaland,35,26,10,10,8,4,2004,15.0,0.0,0.0,0.0,15.0
Nagaland,35,26,10,10,8,4,2005,16.0,0.0,0.0,0.0,16.0
Nagaland,35,26,10,10,8,4,2006,14.0,0.0,0.0,2.0,12.0
Nagaland,35,26,10,10,8,4,2007,3.0,1.0,0.0,0.0,2.0
Nagaland,35,26,10,10,8,4,2008,9.0,1.0,0.0,1.0,7.0
Nagaland,35,26,10,10,8,4,2009,8.0,0.0,0.0,0.0,8.0
Nagaland,35,26,10,10,8,4,2010,13.0,1.0,0.0,4.0,8.0
Nagaland,35,26,10,10,8,4,2011,16.0,9.0,0.0,4.0,3.0
Nagaland,35,26,10,10,8,4,2012,16.0,1.0,2.0,6.0,7.0
Nagaland,35,26,10,10,8,4,2013,30.0,0.0,1.0,9.0,20.0
Nagaland,35,26,10,10,8,4,1999,11.0,0.0,0.0,2.0,9.0
Odisha,2251,1983,2070,918,1382,1211,2001,720.0,4.0,33.0,163.0,520.0
Odisha,2251,1983,2070,918,1382,1211,2002,669.0,1.0,40.0,160.0,468.0
Odisha,2251,1983,2070,918,1382,1211,2003,442.0,0.0,30.0,102.0,310.0
Odisha,2251,1983,2070,918,1382,1211,2004,541.0,1.0,12.0,175.0,353.0
Odisha,2251,1983,2070,918,1382,1211,2005,659.0,7.0,40.0,106.0,506.0
Odisha,2251,1983,2070,918,1382,1211,2006,850.0,0.0,46.0,164.0,640.0
Odisha,2251,1983,2070,918,1382,1211,2007,0.0,0.0,0.0,0.0,0.0
Odisha,2251,1983,2070,918,1382,1211,2008,846.0,17.0,53.0,205.0,571.0
Odisha,2251,1983,2070,918,1382,1211,2009,959.0,6.0,74.0,258.0,621.0
Odisha,2251,1983,2070,918,1382,1211,2010,1025.0,37.0,69.0,287.0,632.0
Odisha,2251,1983,2070,918,1382,1211,2011,1112.0,0.0,92.0,302.0,718.0
Odisha,2251,1983,2070,918,1382,1211,2012,1458.0,2.0,136.0,369.0,951.0
Odisha,2251,1983,2070,918,1382,1211,2013,1832.0,3.0,91.0,489.0,1249.0
Punjab,886,838,530,831,1002,502,2001,298.0,0.0,6.0,190.0,102.0
Punjab,886,838,530,831,1002,502,2002,299.0,4.0,15.0,150.0,130.0
Punjab,886,838,530,831,1002,502,2003,380.0,9.0,15.0,137.0,219.0
Punjab,886,838,530,831,1002,502,2004,384.0,65.0,13.0,123.0,183.0
Punjab,886,838,530,831,1002,502,2005,378.0,50.0,13.0,131.0,184.0
Punjab,886,838,530,831,1002,502,2006,442.0,1.0,24.0,118.0,299.0
Punjab,886,838,530,831,1002,502,2007,506.0,7.0,14.0,153.0,332.0
Punjab,886,838,530,831,1002,502,2008,517.0,2.0,13.0,154.0,348.0
Punjab,886,838,530,831,1002,502,2009,433.0,8.0,22.0,114.0,289.0
Punjab,886,838,530,831,1002,502,2010,542.0,17.0,32.0,218.0,275.0
Punjab,886,838,530,831,1002,502,2011,467.0,6.0,61.0,156.0,244.0
Punjab,886,838,530,831,1002,502,2012,651.0,4.0,66.0,261.0,320.0
Punjab,886,838,530,831,1002,502,2013,854.0,9.0,58.0,330.0,457.0
Punjab,886,838,530,831,1002,502,1999,282.0,11.0,10.0,91.0,170.0
Rajasthan,3644,3656,3305,4335,5997,5310,2001,868.0,18.0,43.0,185.0,622.0
Rajasthan,3644,3656,3305,4335,5997,5310,2002,919.0,31.0,40.0,195.0,653.0
Rajasthan,3644,3656,3305,4335,5997,5310,2003,926.0,32.0,30.0,218.0,646.0
Rajasthan,3644,3656,3305,4335,5997,5310,2004,945.0,39.0,48.0,186.0,672.0
Rajasthan,3644,3656,3305,4335,5997,5310,2005,961.0,33.0,52.0,177.0,699.0
Rajasthan,3644,3656,3305,4335,5997,5310,2006,990.0,42.0,100.0,271.0,577.0
Rajasthan,3644,3656,3305,4335,5997,5310,2007,1159.0,42.0,118.0,400.0,599.0
Rajasthan,3644,3656,3305,4335,5997,5310,2008,1282.0,40.0,77.0,356.0,809.0
Rajasthan,3644,3656,3305,4335,5997,5310,2009,1398.0,36.0,95.0,425.0,842.0
Rajasthan,3644,3656,3305,4335,5997,5310,2010,1437.0,24.0,101.0,503.0,809.0
Rajasthan,3644,3656,3305,4335,5997,5310,2011,1689.0,43.0,134.0,502.0,1010.0
Rajasthan,3644,3656,3305,4335,5997,5310,2012,2013.0,44.0,174.0,582.0,1213.0
Rajasthan,3644,3656,3305,4335,5997,5310,2013,3164.0,56.0,251.0,877.0,1980.0
Rajasthan,3644,3656,3305,4335,5997,5310,1999,723.0,19.0,23.0,208.0,473.0
Sikkim,5,92,17,16,11,12,2001,2.0,1.0,0.0,0.0,1.0
Sikkim,5,92,17,16,11,12,2002,6.0,1.0,0.0,2.0,3.0
Sikkim,5,92,17,16,11,12,2003,10.0,0.0,0.0,0.0,10.0
Sikkim,5,92,17,16,11,12,2004,3.0,0.0,0.0,0.0,3.0
Sikkim,5,92,17,16,11,12,2005,18.0,1.0,0.0,0.0,17.0
Sikkim,5,92,17,16,11,12,2006,20.0,0.0,0.0,0.0,20.0
Sikkim,5,92,17,16,11,12,2007,24.0,4.0,3.0,3.0,14.0
Sikkim,5,92,17,16,11,12,2008,20.0,1.0,0.0,1.0,18.0
Sikkim,5,92,17,16,11,12,2009,18.0,0.0,0.0,11.0,7.0
Sikkim,5,92,17,16,11,12,2010,17.0,2.0,1.0,4.0,10.0
Sikkim,5,92,17,16,11,12,2011,16.0,1.0,0.0,1.0,14.0
Sikkim,5,92,17,16,11,12,2012,34.0,0.0,0.0,6.0,28.0
Sikkim,5,92,17,16,11,12,2013,33.0,0.0,0.0,12.0,21.0
Sikkim,5,92,17,16,11,12,1999,208.5,2.0,10.0,58.5,119.0
Tamil Nadu,421,319,283,331,362,389,2001,398.0,21.0,57.0,100.0,220.0
Tamil Nadu,421,319,283,331,362,389,2002,505.0,0.0,74.0,178.0,253.0
Tamil Nadu,421,319,283,331,362,389,2003,541.0,40.0,67.0,163.0,271.0
Tamil Nadu,421,319,283,331,362,389,2004,592.0,36.0,95.0,209.0,252.0
Tamil Nadu,421,319,283,331,362,389,2005,566.0,11.0,71.0,210.0,274.0
Tamil Nadu,421,319,283,331,362,389,2006,455.0,1.0,49.0,150.0,255.0
Tamil Nadu,421,319,283,331,362,389,2007,511.0,2.0,58.0,124.0,327.0
Tamil Nadu,421,319,283,331,362,389,2008,571.0,1.0,70.0,169.0,331.0
Tamil Nadu,421,319,283,331,362,389,2009,569.0,4.0,66.0,171.0,328.0
Tamil Nadu,421,319,283,331,362,389,2010,666.0,0.0,76.0,190.0,400.0
Tamil Nadu,421,319,283,331,362,389,2011,675.0,2.0,96.0,249.0,328.0
Tamil Nadu,421,319,283,331,362,389,2012,737.0,4.0,87.0,196.0,450.0
Tamil Nadu,421,319,283,331,362,389,2013,898.0,6.0,98.0,263.0,531.0
Tamil Nadu,421,319,283,331,362,389,1999,382.0,10.0,27.0,42.0,303.0
Tripura,213,207,95,97,88,79,2001,102.0,0.0,0.0,0.0,102.0
Tripura,213,207,95,97,88,79,2002,108.0,0.0,0.0,8.0,100.0
Tripura,213,207,95,97,88,79,2003,114.0,0.0,0.0,12.0,102.0
Tripura,213,207,95,97,88,79,2004,160.0,1.0,14.0,97.0,48.0
Tripura,213,207,95,97,88,79,2005,162.0,0.0,7.0,108.0,47.0
Tripura,213,207,95,97,88,79,2006,189.0,4.0,16.0,110.0,59.0
Tripura,213,207,95,97,88,79,2007,157.0,0.0,12.0,90.0,55.0
Tripura,213,207,95,97,88,79,2008,204.0,0.0,8.0,125.0,71.0
Tripura,213,207,95,97,88,79,2009,190.0,0.0,13.0,113.0,64.0
Tripura,213,207,95,97,88,79,2010,238.0,0.0,76.0,127.0,35.0
Tripura,213,207,95,97,88,79,2011,205.0,1.0,14.0,99.0,91.0
Tripura,213,207,95,97,88,79,2012,229.0,1.0,49.0,142.0,37.0
Tripura,213,207,95,97,88,79,2013,206.0,1.0,7.0,135.0,63.0
Tripura,213,207,95,97,88,79,1999,72.0,0.0,0.0,62.0,10.0
Uttar Pradesh,3025,4816,4246,3946,3065,2769,2001,1747.0,3.0,123.0,593.0,1028.0
Uttar Pradesh,3025,4816,4246,3946,3065,2769,2002,1142.0,12.0,76.0,445.0,609.0
Uttar Pradesh,3025,4816,4246,3946,3065,2769,2003,766.0,10.0,65.0,320.0,371.0
Uttar Pradesh,3025,4816,4246,3946,3065,2769,2004,1266.0,35.0,67.0,445.0,719.0
Uttar Pradesh,3025,4816,4246,3946,3065,2769,2005,1147.0,70.0,77.0,400.0,600.0
Uttar Pradesh,3025,4816,4246,3946,3065,2769,2006,1287.0,0.0,98.0,418.0,771.0
Uttar Pradesh,3025,4816,4246,3946,3065,2769,2007,1638.0,1.0,114.0,535.0,988.0
Uttar Pradesh,3025,4816,4246,3946,3065,2769,2008,1871.0,1.0,148.0,507.0,1215.0
Uttar Pradesh,3025,4816,4246,3946,3065,2769,2009,1759.0,2.0,83.0,485.0,1189.0
Uttar Pradesh,3025,4816,4246,3946,3065,2769,2010,1562.0,4.0,85.0,411.0,1062.0
Uttar Pradesh,3025,4816,4246,3946,3065,2769,2011,2042.0,2.0,79.0,452.0,1509.0
Uttar Pradesh,3025,4816,4246,3946,3065,2769,2012,1953.0,12.0,107.0,560.0,1274.0
Uttar Pradesh,3025,4816,4246,3946,3065,2769,2013,3020.0,63.0,167.0,986.0,1804.0
Uttar Pradesh,3025,4816,4246,3946,3065,2769,1999,1324.0,6.0,96.0,575.0,647.0
Uttarakhand,283,336,374,561,526,487,2001,74.0,0.0,6.0,20.0,48.0
Uttarakhand,283,336,374,561,526,487,2002,89.0,16.0,14.0,11.0,48.0
Uttarakhand,283,336,374,561,526,487,2003,107.0,2.0,4.0,26.0,75.0
Uttarakhand,283,336,374,561,526,487,2004,115.0,13.0,3.0,19.0,80.0
Uttarakhand,283,336,374,561,526,487,2005,133.0,3.0,4.0,26.0,100.0
Uttarakhand,283,336,374,561,526,487,2006,147.0,6.0,9.0,51.0,81.0
Uttarakhand,283,336,374,561,526,487,2007,117.0,8.0,11.0,23.0,75.0
Uttarakhand,283,336,374,561,526,487,2008,82.0,6.0,0.0,5.0,71.0
Uttarakhand,283,336,374,561,526,487,2009,107.0,6.0,5.0,19.0,77.0
Uttarakhand,283,336,374,561,526,487,2010,103.0,11.0,4.0,29.0,59.0
Uttarakhand,283,336,374,561,526,487,2011,112.0,4.0,6.0,35.0,67.0
Uttarakhand,283,336,374,561,526,487,2012,116.0,14.0,8.0,26.0,68.0
Uttarakhand,283,336,374,561,526,487,2013,228.0,10.0,6.0,62.0,150.0
West Bengal,1199,1110,1084,1069,1069,1128,2001,18.0,0.0,0.0,1.0,17.0
West Bengal,1199,1110,1084,1069,1069,1128,2002,32.0,0.0,1.0,11.0,20.0
West Bengal,1199,1110,1084,1069,1069,1128,2003,41.0,15.0,3.0,11.0,12.0
West Bengal,1199,1110,1084,1069,1069,1128,2004,24.0,24.0,0.0,0.0,0.0
West Bengal,1199,1110,1084,1069,1069,1128,2005,49.0,36.0,1.0,5.0,7.0
West Bengal,1199,1110,1084,1069,1069,1128,2006,411.0,6.0,19.0,158.0,228.0
West Bengal,1199,1110,1084,1069,1069,1128,2007,1908.0,114.0,237.0,535.0,1022.0
West Bengal,1199,1110,1084,1069,1069,1128,2008,1034.0,9.0,39.0,268.0,718.0
West Bengal,1199,1110,1084,1069,1069,1128,2009,1828.0,3.0,237.0,651.0,937.0
West Bengal,1199,1110,1084,1069,1069,1128,2010,2134.0,4.0,106.0,1037.0,987.0
West Bengal,1199,1110,1084,1069,1069,1128,2011,1184.0,7.0,20.0,540.0,617.0
West Bengal,1199,1110,1084,1069,1069,1128,2012,1904.0,6.0,40.0,984.0,874.0
West Bengal,1199,1110,1084,1069,1069,1128,2013,422.0,18.0,195.0,25.0,184.0
West Bengal,1199,1110,1084,1069,1069,1128,1999,196.0,87.0,5.0,33.0,71.0
Chandigarh,72,68,65,86,112,60,2001,18.0,2.0,0.0,7.0,9.0
Chandigarh,72,68,65,86,112,60,2002,17.0,2.0,0.0,6.0,9.0
Chandigarh,72,68,65,86,112,60,2003,18.0,1.0,7.0,10.0,0.0
Chandigarh,72,68,65,86,112,60,2004,19.0,1.0,1.0,10.0,7.0
Chandigarh,72,68,65,86,112,60,2005,33.0,1.0,0.0,11.0,21.0
Chandigarh,72,68,65,86,112,60,2006,19.0,5.0,3.0,1.0,10.0
Chandigarh,72,68,65,86,112,60,2007,22.0,2.0,0.0,3.0,17.0
Chandigarh,72,68,65,86,112,60,2008,20.0,3.0,1.0,3.0,13.0
Chandigarh,72,68,65,86,112,60,2009,29.0,0.0,0.0,4.0,25.0
Chandigarh,72,68,65,86,112,60,2010,31.0,0.0,1.0,8.0,22.0
Chandigarh,72,68,65,86,112,60,2011,27.0,0.0,0.0,2.0,25.0
Chandigarh,72,68,65,86,112,60,2012,27.0,4.0,6.0,16.0,1.0
Chandigarh,72,68,65,86,112,60,2013,45.0,0.0,10.0,26.0,9.0
Chandigarh,72,68,65,86,112,60,1999,0.0,0.0,0.0,0.0,0.0
Delhi,2199,2155,1229,1215,1253,997,1999,351.0,5.0,20.0,213.0,113.0
Delhi,2199,2155,1229,1215,1253,997,1999,332.0,5.0,18.0,206.0,103.0
Lakshadweep,0,5,0,2,0,3,2001,0.0,0.0,0.0,0.0,0.0
Lakshadweep,0,5,0,2,0,3,2002,1.0,0.0,0.0,0.0,1.0
Lakshadweep,0,5,0,2,0,3,2003,0.0,0.0,0.0,0.0,0.0
Lakshadweep,0,5,0,2,0,3,2004,2.0,0.0,0.0,0.0,0.0
Lakshadweep,0,5,0,2,0,3,2005,0.0,0.0,0.0,0.0,0.0
Lakshadweep,0,5,0,2,0,3,2006,0.0,0.0,0.0,0.0,0.0
Lakshadweep,0,5,0,2,0,3,2007,1.0,0.0,0.0,0.0,1.0
Lakshadweep,0,5,0,2,0,3,2008,2.0,0.0,0.0,0.0,2.0
Lakshadweep,0,5,0,2,0,3,2009,1.0,0.0,0.0,0.0,1.0
Lakshadweep,0,5,0,2,0,3,2010,0.0,0.0,0.0,0.0,0.0
Lakshadweep,0,5,0,2,0,3,2011,0.0,0.0,0.0,0.0,0.0
Lakshadweep,0,5,0,2,0,3,2012,0.0,0.0,0.0,0.0,0.0
Lakshadweep,0,5,0,2,0,3,2013,2.0,0.0,0.0,0.0,2.0
Puducherry,3,6,7,0,10,8,2001,9.0,0.0,0.0,5.0,4.0
Puducherry,3,6,7,0,10,8,2002,6.0,0.0,1.0,2.0,3.0
Puducherry,3,6,7,0,10,8,2003,2.0,0.0,0.0,2.0,0.0
Puducherry,3,6,7,0,10,8,2004,4.0,0.0,0.0,2.0,2.0
Puducherry,3,6,7,0,10,8,2005,6.0,0.0,0.0,5.0,1.0
Puducherry,3,6,7,0,10,8,2006,9.0,0.0,0.0,4.0,5.0
Puducherry,3,6,7,0,10,8,2007,9.0,0.0,0.0,4.0,5.0
Puducherry,3,6,7,0,10,8,2008,8.0,0.0,0.0,3.0,5.0
Puducherry,3,6,7,0,10,8,2009,1.0,0.0,0.0,0.0,1.0
Puducherry,3,6,7,0,10,8,2010,3.0,0.0,0.0,3.0,0.0
Puducherry,3,6,7,0,10,8,2011,7.0,0.0,0.0,2.0,5.0
Puducherry,3,6,7,0,10,8,2012,13.0,0.0,0.0,4.0,9.0
Puducherry,3,6,7,0,10,8,2013,17.0,0.0,1.0,7.0,9.0
